Province/State,Country/Region,8/25/20-9/25/20 new ,9/25/20confirmed,9/25/20 deaths
,Afghanistan,1116,39186,1451
,Albania,4286,13045,373
,Algeria,8526,50754,1707
,Andorra,776,1836,53
,Angola,2307,4590,167
,Antigua and Barbuda,4,98,3
,Argentina,331597,691235,15208
,Armenia,5707,48643,947
Australian Capital Territory,Australia,0,113,3
New South Wales,Australia,221,4218,53
Northern Territory,Australia,0,33,0
Queensland,Australia,49,1156,6
South Australia,Australia,5,468,4
Tasmania,Australia,0,230,13
Victoria,Australia,1522,20130,782
Western Australia,Australia,15,668,9
,Austria,15794,41500,786
,Azerbaijan,4228,39787,583
,Bahamas,1977,3790,89
,Bahrain,18114,68190,236
,Bangladesh,57139,356767,5093
,Barbados,26,190,7
,Belarus,6230,76957,807
,Belgium,28529,110976,9969
,Belize,1078,1808,23
,Benin,210,2325,40
,Bhutan,90,263,0
,Bolivia,22223,133222,7800
,Bosnia and Herzegovina,8238,26564,808
,Botswana,1359,2921,16
,Brazil,1019618,4689613,140537
,Brunei,2,146,3
,Bulgaria,4239,19828,789
,Burkina Faso,624,1962,56
,Burma,8608,9112,174
,Burundi,53,483,1
,Cabo Verde,2060,5628,55
,Cambodia,2,275,0
,Cameroon,1739,20712,418
Alberta,Canada,4260,17343,261
British Columbia,Canada,3399,8641,230
Diamond Princess,Canada,0,0,1
Grand Princess,Canada,0,13,0
Manitoba,Canada,746,1764,20
New Brunswick,Canada,10,200,2
Newfoundland and Labrador,Canada,4,272,3
Northwest Territories,Canada,0,5,0
Nova Scotia,Canada,7,1087,65
Ontario,Canada,7625,51166,2886
Prince Edward Island,Canada,14,58,0
Quebec,Canada,8504,70307,5814
Saskatchewan,Canada,245,1846,24
Yukon,Canada,0,15,0
,Central African Republic,115,4806,62
,Chad,180,1175,83
,Chile,52883,453868,12527
Anhui,China,0,991,6
Beijing,China,1,936,9
Chongqing,China,1,584,6
Fujian,China,22,397,1
Gansu,China,1,170,2
Guangdong,China,78,1812,8
Guangxi,China,4,259,2
Guizhou,China,0,147,2
Hainan,China,0,171,6
Hebei,China,5,365,6
Heilongjiang,China,0,948,13
Henan,China,4,1280,22
Hong Kong,China,348,5058,105
Hubei,China,0,68139,4512
Hunan,China,0,1019,4
Inner Mongolia,China,3,263,1
Jiangsu,China,1,666,0
Jiangxi,China,0,935,1
Jilin,China,0,157,2
Liaoning,China,5,267,2
Macau,China,0,46,0
Ningxia,China,0,75,0
Qinghai,China,0,18,0
Shaanxi,China,39,403,3
Shandong,China,1,832,7
Shanghai,China,95,981,7
Shanxi,China,1,203,0
Sichuan,China,45,685,3
Tianjin,China,20,240,3
Tibet,China,0,1,0
Xinjiang,China,0,902,3
Yunnan,China,10,209,2
Zhejiang,China,5,1282,1
,Colombia,236204,798317,25103
,Comoros,57,474,7
,Congo (Brazzaville),1026,5005,89
,Congo (Kinshasa),687,10578,271
,Costa Rica,35511,70816,812
,Cote d'Ivoire,1994,19556,120
,Croatia,7265,15795,266
,Cuba,1606,5350,118
,Cyprus,197,1671,22
,Czechia,38770,61318,581
Faroe Islands,Denmark,47,458,0
Greenland,Denmark,0,14,0
,Denmark,9114,25594,647
,Diamond Princess,0,712,13
,Djibouti,26,5409,61
,Dominica,4,24,0
,Dominican Republic,18380,110597,2087
,Ecuador,23445,132475,11236
,Egypt,5006,102625,5853
,El Salvador,3429,28415,826
,Equatorial Guinea,92,5018,83
,Eritrea,54,369,0
,Estonia,824,3118,64
,Eswatini,1072,5399,108
,Ethiopia,28485,72173,1155
,Fiji,4,32,2
,Finland,1503,9484,343
French Guiana,France,927,9831,65
French Polynesia,France,1207,1579,6
Guadeloupe,France,3552,4487,42
Martinique,France,826,1290,20
Mayotte,France,304,3541,40
New Caledonia,France,3,26,0
Reunion,France,2393,3685,11
Saint Barthelemy,France,28,45,0
Saint Pierre and Miquelon,France,11,16,0
St Martin,France,169,367,8
,France,257099,527554,31483
,Gabon,319,8728,54
,Gambia,869,3555,110
,Georgia,3235,4664,27
,Germany,46129,283712,9451
,Ghana,2505,46222,299
,Greece,7926,16913,369
,Grenada,0,24,0
,Guatemala,19227,88878,3186
,Guinea,1350,10478,65
,Guinea-Bissau,175,2324,39
,Guyana,1649,2709,73
,Haiti,572,8684,227
,Holy See,0,12,0
,Honduras,17963,73840,2271
,Hungary,16912,22127,718
,Iceland,484,2561,10
,India,2594023,5818570,92290
,Indonesia,108986,266845,10218
,Iran,76519,439882,25222
,Iraq,129752,341699,8867
,Ireland,6114,34315,1797
,Israel,111439,217899,1412
,Italy,45061,306235,35801
,Jamaica,3991,5723,80
,Japan,17166,81054,1544
,Jordan,5495,7211,39
,Kazakhstan,2584,107659,1699
,Kenya,4904,37707,682
,"Korea, South",5251,23516,399
,Kosovo,0,12683,488
,Kuwait,20868,102441,595
,Kyrgyzstan,2687,45932,1063
,Laos,1,23,0
,Latvia,283,1625,36
,Lebanon,20275,33962,333
,Lesotho,509,1558,35
,Liberia,43,1338,82
,Libya,20009,31290,491
,Liechtenstein,15,117,1
,Lithuania,1490,4184,89
,Luxembourg,395,8233,124
,MS Zaandam,0,9,2
,Madagascar,1746,16221,228
,Malawi,341,5764,179
,Malaysia,1402,10687,133
,Maldives,2967,10014,34
,Mali,351,3064,130
,Malta,1224,2929,29
,Mauritania,497,7457,161
,Mauritius,19,367,10
,Mexico,152237,720858,75844
,Moldova,15308,49666,1264
,Monaco,54,208,2
,Mongolia,13,313,0
,Montenegro,5518,9962,155
,Morocco,57994,112522,1998
,Mozambique,4081,7589,53
,Namibia,4675,10835,119
,Nepal,37081,70614,459
Aruba,Netherlands,2129,3799,25
"Bonaire, Sint Eustatius and Saba",Netherlands,72,85,1
Curacao,Netherlands,280,329,1
Sint Maarten,Netherlands,219,627,22
,Netherlands,38375,105918,6328
,New Zealand,136,1831,25
,Nicaragua,579,5073,149
,Niger,21,1194,69
,Nigeria,5262,58062,1103
,North Macedonia,3544,17343,721
,Norway,3091,13545,270
,Oman,11255,95907,885
,Pakistan,15870,309581,6451
,Panama,21050,109431,2311
,Papua New Guinea,113,532,7
,Paraguay,22998,37226,761
,Peru,194146,794584,32037
,Philippines,102197,299361,5196
,Poland,21323,84396,2392
,Portugal,16143,72055,1936
,Qatar,7152,124650,212
,Romania,39293,119683,4633
,Russia,167433,1131088,19973
,Rwanda,1261,4798,29
,Saint Kitts and Nevis,2,19,0
,Saint Lucia,1,27,0
,Saint Vincent and the Grenadines,6,64,0
,San Marino,17,727,42
,Sao Tome and Principe,19,911,15
,Saudi Arabia,22561,332329,4625
,Senegal,1783,14839,304
,Serbia,2418,33238,746
,Seychelles,7,143,0
,Sierra Leone,198,2199,72
,Singapore,1230,57665,27
,Slovakia,4596,8048,41
,Slovenia,2321,5007,145
,Somalia,190,3465,98
,South Africa,55512,668529,16312
,South Sudan,169,2676,49
,Spain,303928,716481,31232
,Sri Lanka,374,3345,13
,Sudan,618,13592,836
,Suriname,1119,4817,102
,Sweden,7345,90923,5880
,Switzerland,11602,51864,2064
,Syria,1636,4001,185
,Taiwan*,23,510,7
,Tajikistan,1183,9562,74
,Tanzania,0,509,21
,Thailand,120,3522,59
,Timor-Leste,1,27,0
,Togo,413,1722,44
,Trinidad and Tobago,3025,4277,70
,Tunisia,11323,14392,191
,Turkey,50261,311455,7858
,US,1262368,7032712,203750
,Uganda,4792,7218,71
,Ukraine,85682,196631,3910
,United Arab Emirates,21919,89540,409
Anguilla,United Kingdom,0,3,0
Bermuda,United Kingdom,13,181,9
British Virgin Islands,United Kingdom,45,71,1
Cayman Islands,United Kingdom,5,210,1
Channel Islands,United Kingdom,36,656,48
Falkland Islands (Malvinas),United Kingdom,0,13,0
Gibraltar,United Kingdom,108,364,0
Isle of Man,United Kingdom,4,340,24
Montserrat,United Kingdom,0,13,1
Turks and Caicos Islands,United Kingdom,297,680,5
,United Kingdom,95438,423236,41936
,Uruguay,431,1967,47
,Uzbekistan,14751,54392,449
,Venezuela,30115,71273,591
,Vietnam,40,1069,35
,West Bank and Gaza,18285,37963,278
,Western Sahara,0,10,1
,Yemen,105,2029,587
,Zambia,3230,14515,332
,Zimbabwe,1591,7787,227
